item,topic,grade (0/1/2),note
i1c6e1d13,ENV-01,0,
i8eb72f35,ENV-01,2,
iefeb0e05,ENV-01,0,
i0465aa61,ENV-02,1,
i119e0e5c,ENV-02,1,
i21e97723,ENV-02,0,
iaa168857,ENV-03,1,
i2803b89d,ENV-04,1,
i457f3ed0,ENV-04,0,
i6d223007,ENV-04,0,
i214a2943,ENV-05,0,
i7e992af0,ENV-05,1,
i92a147c1,ENV-05,0,
iaab67df6,ENV-05,0,
ib64e65b9,ENV-05,0,
ide42c17f,ENV-05,1,
i87197701,MOB-01,1,
iece34e79,MOB-02,0,
i1e414318,MOB-03,1,
i5c38da45,MOB-03,0,
i70fe4970,MOB-03,0,
i909b443a,MOB-03,1,
id748b56e,MOB-03,1,
i179ee753,MOB-04,1,
i4a33bcbd,MOB-04,1,
i51de406f,MOB-04,1,
i86eacaff,MOB-04,1,
i933fb9c7,MOB-04,1,
i2172d380,MOB-05,1,
i43b01e6d,MOB-05,1,
i69254d50,MOB-05,0,
id6d2dbd3,MOB-05,0,
i2dc6464b,XD-01,1,
i5e0b762f,XD-01,1,
i8ac753db,XD-01,1,
ib1040da1,XD-01,2,
ib636636e,XD-01,0,
i1d0e6795,XD-02,0,
i2382c9af,XD-02,1,
i2c3ab594,XD-02,1,
i60c08b98,XD-02,0,
i86470508,XD-02,1,
i89f474f7,XD-02,1,
ia42313e4,XD-03,1,
ic5db03ea,XD-03,2,
id01874f9,XD-03,1,
i46363cf2,XD-04,0,
i4ae5465e,XD-04,0,
i4f64cacb,XD-04,1,
i755fdb89,XD-04,0,
ia1cd0bc7,XD-04,1,
ia8fdc297,XD-04,1,
iaa497b04,XD-04,0,
ic8c2265a,XD-04,1,
ie58ee1a2,XD-04,1,
i36aab05e,XD-05,0,
i68d47239,XD-05,1,
i8f074b9e,XD-05,0,
icd64c47d,XD-05,0,
id40d243b,XD-05,0,
